sira,metindeki_ad,gunumuz,enlem,boylam,tur,konum_guveni,kol,evre,miladi,rumi,duzeltme,olay,onceki_durak,mesafe_km,tahmini_sure,sure_dayanagi,sure_gerekcesi,wikipedia
"1","İzmir","İzmir","38.42","27.14","Liman","Kesin","Ana grup (Adil Hikmet)","Hazırlık ve deniz yolu","14 Haz 1914 · 23 Haz 1914 · 22 Tem 1914","1 Haziran 1330 · 10 Haziran 1330 · 9 Temmuz 1330","","Selim Sami'den 1769 sayılı telgraf gelir (14 Haz). Adil Hikmet kolordusuyla ilişiğini keser (23 Haz). Grup tüccar kılığında Karadeniz vapuruna biner (22 Tem). Saparaliyev de çıkış tarihini 22 Temmuz 1914 verir.","","","","","","https://tr.wikipedia.org/wiki/%C4%B0zmir"
"2","Beyrut","Beyrut, Lübnan","33.9","35.5","Liman","Kesin","Ana grup (Adil Hikmet)","Hazırlık ve deniz yolu","Temmuz 1914","Temmuz 1330","","Vapurun ilk uğrak limanı.","1","903","2–3 gün","tahmin","İzmir'den 22 Temmuz'da çıkan vapur 4 Ağustos'ta Hudeyde'dedir: beş ayak ve liman beklemeleri toplam 13 gün (metinden). Bu ayak vapur hızıyla 2–3 gün.","https://tr.wikipedia.org/wiki/Beyrut"
"3","Port Said","Port Said, Mısır","31.26","32.3","Liman","Kesin","Ana grup (Adil Hikmet)","Hazırlık ve deniz yolu","Temmuz 1914","Temmuz 1330","","Süveyş Kanalı'nın Akdeniz girişi.","2","420","1 gün","tahmin","Kısa bir kıyı ayağı. İzmir–Hudeyde arasının toplam 13 gün sürdüğü metinden biliniyor.","https://tr.wikipedia.org/wiki/Port_Said"
"4","Süveyş Kanalı","Süveyş, Mısır","29.97","32.55","Boğaz / kanal","Çıkarım","Ana grup (Adil Hikmet)","Hazırlık ve deniz yolu","Temmuz 1914","","","Metinde adı geçmez. Port Said'den Kızıldeniz'e geçmenin tek yolu kanal olduğu için listeye çıkarım olarak eklendi.","3","145","1 gün","tahmin","1914'te Süveyş Kanalı'ndan geçiş yaklaşık 15–18 saat sürüyordu.","https://tr.wikipedia.org/wiki/S%C3%BCvey%C5%9F_Kanal%C4%B1"
"5","Cidde","Cidde, Suudi Arabistan","21.49","39.18","Liman","Kesin","Ana grup (Adil Hikmet)","Hazırlık ve deniz yolu","Temmuz 1914","Temmuz 1330","","Kızıldeniz'de uğrak limanı.","4","1153","2–3 gün","tahmin","Kızıldeniz boyunca vapur hızıyla. İzmir–Hudeyde arası toplam 13 gün (metinden).","https://tr.wikipedia.org/wiki/Cidde"
"6","Hudeyde","Hudeyde (Al Hudaydah), Yemen","14.8","42.95","Liman","Kesin","Ana grup (Adil Hikmet)","Hazırlık ve deniz yolu","4 Ağu 1914","22 Temmuz 1330","","Osmanlı topraklarındaki son liman. Grup buradan ayrılır.","5","844","2 gün","tahmin","Cidde'den Hudeyde'ye; varış 22 Temmuz 1330 = 4 Ağustos 1914 (metinden).","https://tr.wikipedia.org/wiki/El-Hudeyde"
"7","Babülmendeb","Bab-el-Mandeb Boğazı","12.58","43.33","Boğaz / kanal","Kesin","Ana grup (Adil Hikmet)","Hazırlık ve deniz yolu","Ağustos 1914","Temmuz–Ağustos 1330","","Kızıldeniz'den Aden Körfezi ve Hint denizine çıkış.","6","250","1 gün","tahmin","Hudeyde'den boğaza kısa bir ayak.","https://tr.wikipedia.org/wiki/Bab%C3%BClmendep_Bo%C4%9Faz%C4%B1"
"8","Bombay","Mumbai, Hindistan","18.94","72.84","Liman","Kesin","Ana grup (Adil Hikmet)","Hazırlık ve deniz yolu","Ağustos 1914","Ağustos 1330","","Dünya Savaşı başlamıştır, Osmanlı henüz girmemiştir. Grup limanda ve şehirde gözaltına alınır, İngilizler peşlerine casus takar. Türk şehbenderliğinden pasaport çıkarırlar. Hint İstiklal Komitesi yardım eder; editöre göre Adil Bey bundan hiç söz etmez.","7","3232","7–9 gün","tahmin","Arap Denizi'ni aşan en uzun deniz ayağı; Bombay'a Ağustos'ta varılır (metinden), gün verilmez.","https://tr.wikipedia.org/wiki/Mumbai"
"9","Peşaver","Peshawar, Pakistan","34.01","71.58","Şehir / yerleşim","Kesin","Ana grup (Adil Hikmet)","Hindistan'dan Pamir'e","Ağu–Eyl 1914","Ağustos–Eylül 1330","","Kara yolculuğunun ilk durağı. Metindeki sıra: Peşaver, Lahor, tekrar Lahor ve Peşaver.","8","1680","2–3 gün","tahmin","Metin güzergâh vermez. Bombay'dan Peşaver'e demiryolu vardı; trenle 2–3 gün. Bombay'daki gözaltı süresi bilinmiyor.","https://tr.wikipedia.org/wiki/Pe%C5%9Faver"
"10","Lahor","Lahore, Pakistan","31.55","74.34","Şehir / yerleşim","Kesin","Ana grup (Adil Hikmet)","Hindistan'dan Pamir'e","Eylül 1914","Eylül 1330","","İki kez uğranır. Huddam-ı Kâbe çevresinden yardım görülen yerlerden biri olması muhtemel; metin ayrıntı vermez.","9","376","1 gün","tahmin","Peşaver–Lahor arası demiryoluyla bir günlük yol.","https://tr.wikipedia.org/wiki/Lahor"
"11","Peşaver (ikinci kez)","Peshawar, Pakistan","34.01","71.58","Şehir / yerleşim","Kesin","Ana grup (Adil Hikmet)","Hindistan'dan Pamir'e","15 Eyl 1914","2 Eylül 1330","","Asıl yürüyüş buradan başlar. Peşaver'den Yenihisar'a yolculuk tam iki ay sürer.","10","376","1 gün","tahmin","Lahor'dan Peşaver'e dönüş, demiryoluyla. 2 Eylül 1330 = 15 Eylül 1914'te Peşaver'dedirler (metinden).","https://tr.wikipedia.org/wiki/Pe%C5%9Faver"
"12","Melkend","Malakand Geçidi, Pakistan","34.565","71.93","Geçit","Yaklaşık","Ana grup (Adil Hikmet)","Hindistan'dan Pamir'e","Eylül 1914","Eylül 1330","","Peşaver ovasından Swat ve Dir'e açılan geçit. Metindeki Melkend, Malakand'ın okunuşu olarak alındı.","11","70","2–3 gün","tahmin","Peşaver (15 Eylül) ile Yenihisar (15 Kasım) arası tam iki ay, 61 gün (metinden). Ara duraklara tarih verilmediği için bu süre mesafe ve araziye göre paylaştırıldı; kalan günler konaklamalardır.","https://en.wikipedia.org/wiki/Malakand_Pass"
"13","Dir","Dir, Pakistan","35.205","71.876","Şehir / yerleşim","Kesin","Ana grup (Adil Hikmet)","Hindistan'dan Pamir'e","Eylül 1914","Eylül 1330","","Dir hanlığının merkezi. Editöre göre buradan sonraki yerler Keşmir'in batısındadır.","12","71","3–4 gün","tahmin","Swat ve Panjkora vadileri boyunca atlı yolculuk. Peşaver–Yenihisar arası toplam 61 gün (metinden).","https://en.wikipedia.org/wiki/Dir_(city)"
"14","Ziyaret","Dir–Çitral yolu (tam yeri bilinmiyor)","35.29","71.83","Şehir / yerleşim","Belirsiz","Ana grup (Adil Hikmet)","Hindistan'dan Pamir'e","Eylül 1914","Eylül 1330","","Bölgede Ziarat adlı birçok türbe köyü var. Metindeki sıraya göre Dir ile Deruş arasında; nokta bu yol üzerinde tahminidir.","13","10","1 gün","tahmin","Kısa bir ayak; Ziyaret'in yeri belirsiz.",""
"15","Lavari Geçidi","Lowari Geçidi, Pakistan (3.118 m)","35.35","71.8","Geçit","Çıkarım","Ana grup (Adil Hikmet)","Hindistan'dan Pamir'e","Eylül 1914","","","Metinde adı geçmez. Dir'den Deruş'a giden yol bu geçitten aşar; çıkarım olarak eklendi.","14","7","1 gün","tahmin","Lavari geçidine tırmanış (3.118 m). Eylül sonunda geçit henüz açıktır.","https://en.wikipedia.org/wiki/Lowari_Pass"
"16","Deruş","Drosh, Pakistan","35.563","71.787","Şehir / yerleşim","Kesin","Ana grup (Adil Hikmet)","Hindistan'dan Pamir'e","Eyl–Eki 1914","Eylül–Ekim 1330","","Çitral vadisinin güney girişindeki kasaba.","15","24","1–2 gün","tahmin","Geçitten Çitral vadisine iniş.","https://en.wikipedia.org/wiki/Drosh"
"17","Çatral","Chitral, Pakistan","35.851","71.786","Şehir / yerleşim","Kesin","Ana grup (Adil Hikmet)","Hindistan'dan Pamir'e","Eyl–Eki 1914","Eylül–Ekim 1330","","Çitral mehterliğinin merkezi.","16","32","1–2 gün","tahmin","Çitral nehri boyunca vadi yolu.","https://tr.wikipedia.org/wiki/%C3%87itral"
"18","Baharek","Baharak, Bedahşan? (doğrulanamadı)","36.93","70.9","Şehir / yerleşim","Belirsiz","Ana grup (Adil Hikmet)","Hindistan'dan Pamir'e","Ekim 1914","Ekim 1330","","En sorunlu tanımlama. Bilinen Baharak Afganistan Bedahşan'dadır; doğruysa grup Çitral'den Dorah geçidiyle Bedahşan'a geçip Vahan'a dönmüş olmalı. Çitral'den Vahan'a olağan yol ise Yarhun vadisi ve Barogil geçidinden geçer. Nokta bu belirsizlikle gösterildi.","17","144","6–8 gün","tahmin","Baharak Bedahşan'daki yerse Dorah geçidi üzerinden; yer belirsiz olduğu için süre de belirsizdir.","https://en.wikipedia.org/wiki/Baharak%2C_Afghanistan"
"19","Serhadd-i Vahan","Sarhad-e Wakhan, Afganistan","36.98","73.47","Şehir / yerleşim","Yaklaşık","Ana grup (Adil Hikmet)","Hindistan'dan Pamir'e","Ekim 1914","Ekim 1330","","Vahan koridorunun doğu ucundaki son yerleşim. Pamir'e çıkışın kapısı.","18","228","9–12 gün","tahmin","Vahan koridoru boyunca Penç nehri vadisi; yükseklik ve Ekim soğuğu yürüyüşü yavaşlatır.","https://en.wikipedia.org/wiki/Sarhad%2C_Afghanistan"
"20","Tağ Tombaşbeli","Tağdumbaş Pamiri geçidi, büyük olasılıkla Vahcir (Wakhjir), yaklaşık 4.900 m","37.09","74.49","Geçit","Yaklaşık","Ana grup (Adil Hikmet)","Hindistan'dan Pamir'e","Eki–Kas 1914","Ekim–Kasım 1330","","'Bel' Türkçede geçit demektir: Tağdumbaş beli. Vahan'dan Tağdumbaş Pamiri'ne, yani Çin topraklarına inen geçit. Yolculuğun en yüksek noktası olması muhtemel.","19","91","4–6 gün","tahmin","Vahan'ın doğu ucundan Vahcir geçidine (yaklaşık 4.900 m). Yolculuğun en zor bölümü olmalı.","https://tr.wikipedia.org/wiki/Vahcir_Ge%C3%A7idi"
"21","Oy","Tağdumbaş vadisi (tam yeri bilinmiyor)","37.25","74.95","Şehir / yerleşim","Belirsiz","Ana grup (Adil Hikmet)","Hindistan'dan Pamir'e","Kasım 1914","Kasım 1330","","Geçit ile Tabdar arasında bir konak yeri olarak sıralanmış. Nokta vadide tahminidir.","20","44","1–2 gün","tahmin","Geçitten Tağdumbaş Pamiri'ne iniş.","https://en.wikipedia.org/wiki/Taghdumbash_Pamir"
"22","Tabdar","Dafdar (Tafdar), Taşkurgan ilçesi","37.42","75.1","Şehir / yerleşim","Yaklaşık","Ana grup (Adil Hikmet)","Hindistan'dan Pamir'e","Kasım 1914","Kasım 1330","","Tağdumbaş vadisindeki Dafdar köyü olarak tanımlandı.","21","23","1 gün","tahmin","Tağdumbaş vadisinde bir konak.","https://en.wikipedia.org/wiki/Dafdar"
"23","Taş Kurgan","Taşkurgan, Sincan","37.775","75.227","Şehir / yerleşim","Kesin","Ana grup (Adil Hikmet)","Hindistan'dan Pamir'e","Kasım 1914","Kasım 1330","","Sarıkol'un merkezi ve eski kale. Grup Nisan 1915'te yakalandıktan sonra buraya geri getirilir.","22","41","1–2 gün","tahmin","Vadi boyunca Taşkurgan'a.","https://tr.wikipedia.org/wiki/Ta%C5%9Fkurgan"
"24","Çiçeklibel","Çiçeklik geçidi (Chichiklik)","38.06","75.42","Geçit","Yaklaşık","Ana grup (Adil Hikmet)","Hindistan'dan Pamir'e","Kasım 1914","Kasım 1330","","Taşkurgan'dan Kaşgar ovasına inen eski yol üzerindeki yüksek yayla ve geçit. Aurel Stein de bu yolu kullanmıştı.","23","36","2 gün","tahmin","Taşkurgan'dan Çiçeklik yaylasına tırmanış.",""
"25","Kaşıkçıbeli","Çiçeklik ile Yenihisar arasında bir geçit (doğrulanamadı)","38.45","75.75","Geçit","Belirsiz","Ana grup (Adil Hikmet)","Hindistan'dan Pamir'e","Kasım 1914","Kasım 1330","","Adı haritalarda eşleşmedi. Sıraya göre Pamir'den ovaya inişteki son geçit; nokta tahminidir.","24","52","2–3 gün","tahmin","Pamir'den ovaya inen dağ yolu; Kaşıkçıbeli'nin yeri belirsiz.",""
"26","Yenihisar","Yengisar (Yingjisha), Sincan","38.93","76.17","Şehir / yerleşim","Kesin","Ana grup (Adil Hikmet)","Hindistan'dan Pamir'e","15 Kas 1914","2 Teşrin-i Sani 1330","","Doğu Türkistan'a ayak basılır. Heyet burada bir süre kalır.","25","65","2–3 gün","tahmin","Ovaya iniş. Yenihisar'a 2 Teşrin-i Sani 1330 = 15 Kasım 1914'te varılır (metinden).","https://tr.wikipedia.org/wiki/Yengisar_%C4%B0l%C3%A7esi"
"27","Kaşgar","Kaşgar, Sincan","39.47","75.99","Şehir / yerleşim","Kesin","Ana grup (Adil Hikmet)","Kaşgar","Kasım 1914 – 14 Nis 1915","1 Nisan 1331 (ayrılış)","","Heyet ikiye bölünerek gelir, çeşitli kişilerle görüşüp halkı aydınlatmaya çalışır. 14 Nisan 1915'te Afganistan'a gitmek üzere ayrılır.","26","62","2 gün","tahmin","Ova yolu, günde 30 km kadar. Heyet Yenihisar'da bir süre kalır; Kaşgar'a varış günü metinde yok.","https://tr.wikipedia.org/wiki/Ka%C5%9Fgar"
"28","Pamir (yakalanma yeri)","Adı verilmemiş, Çin topraklarında","37.45","74.85","Bölge","Belirsiz","Ana grup (Adil Hikmet)","Rus esareti","27 Nis 1915","14 Nisan 1331","","Kalın kar üzerinde zorlukla ilerlerken Ruslar tarafından Çin topraklarında yakalanırlar. Afganistan yönüne gittikleri için Taşkurgan'ın güneyi varsayıldı.","27","246","13 gün","metinden","Kaşgar'dan 1 Nisan 1331 = 14 Nisan 1915'te çıkılır, 14 Nisan 1331 = 27 Nisan 1915'te yakalanılır. Kalın kar yürüyüşü yavaşlatır.","https://tr.wikipedia.org/wiki/Pamir_Da%C4%9Flar%C4%B1"
"29","Taş Kurgan (esir olarak)","Taşkurgan, Sincan","37.775","75.227","Şehir / yerleşim","Kesin","Ana grup (Adil Hikmet)","Rus esareti","Nisan 1915","Nisan 1331","","Yakalandıktan sonra buraya götürülürler.","28","49","1–2 gün","tahmin","Esir olarak Taşkurgan'a geri getirilirler.","https://tr.wikipedia.org/wiki/Ta%C5%9Fkurgan"
"30","Taşkent","Taşkent, Özbekistan","41.31","69.28","Şehir / yerleşim","Kesin","Ana grup (Adil Hikmet)","Rus esareti","Mayıs – 14 Haz/14 Tem 1915","Haziran 1331 (hapisten çıkış)","","İdam edilmek üzere sevk edilirler. Doğu Türkistan Türklerinin girişimleri ve Alman elçisi von Hintze sayesinde kurtulurlar. Taşkurgan'dan Taşkent'e güzergâh metinde yok.","29","644","3–5 hafta","tahmin","Güzergâh metinde yok. Nisan sonunda Taşkurgan'da, Mayıs'ta Taşkent'tedirler (metinden). Büyük olasılıkla Pamir üzerinden Fergana'ya, oradan trenle.","https://tr.wikipedia.org/wiki/Ta%C5%9Fkent"
"31","Kapal","Kapal, Kazakistan","45.12","79.07","Şehir / yerleşim","Kesin","Ana grup (Adil Hikmet)","Rus esareti","Yaz 1915","1331 yazı","","Balkaş Gölü'nün güneydoğusunda. Kalebend (kale hapsi) olarak gönderilirler.","30","899","3–4 hafta","tahmin","Taşkent'te hapisten çıkış Haziran 1331 (metinden), Kapal'a varış 1915 yazı. Dönemde Taşkent–Yedisu arasında demiryolu yoktu; posta yoluyla.","https://en.wikipedia.org/wiki/Qapal"
"32","Sarhan","Sarkand, Kazakistan","45.41","79.91","Şehir / yerleşim","Kesin","Ana grup (Adil Hikmet)","Rus esareti","14 Ağu 1916","1 Ağustos 1332 (kaçış)","","Kırgız ve Kazakların yaşadığı yer. 1 yıl 3 ay esaretten sonra buradan kaçarlar. Her yerde Tatar tüccar, öğretmen ve şairlerden iyi karşılık görürler.","31","73","2–3 gün","tahmin","Kapal ile Sarkand arası kısa bir yol. Yedisu'daki esaret toplam 1 yıl 3 ay (metinden).","https://en.wikipedia.org/wiki/Sarkand"
"33","Kulca","Gulca (Yining), Sincan","43.91","81.32","Şehir / yerleşim","Kesin","Ana grup (Adil Hikmet)","Kaçış ve Kırgız isyanı","Ağu–Eyl 1916","Ağustos–Eylül 1332","","Bir ay kalıp izlerini kaybettirirler. Türkçü Tatar aydını Abdullah Bubi isyandaki Kırgızların başına geçmelerini önerir. Emrullah Bey Alman elçisiyle görüşmek üzere Pekin'e gönderilir.","32","201","1–2 hafta","tahmin","1 Ağustos 1332 = 14 Ağustos 1916'da Sarkand'dan kaçış (metinden). Kaçak olarak Çin sınırına; Kulca'da bir ay saklanırlar (metinden).","https://tr.wikipedia.org/wiki/Gulca"
"34","Kırgız isyancılarına katılım","Yeri verilmemiş; Tekes–Narınkol çevresi varsayıldı","42.85","80.4","Bölge","Belirsiz","Ana grup (Adil Hikmet)","Kaçış ve Kırgız isyanı","Kasım 1916 ortası","Teşrin-i Sani 1332 ortası","","Togan'a göre Kasım ortasında Kırgızlara katılıp isyanı idare ederler. Kuropatkin isyanı şiddetle bastırır. Not: Yedisu isyanının ana evresi bu tarihten önce sona ermişti.","33","139","1 hafta","tahmin","Kulca'dan Ağustos–Eylül'de ayrılırlar, Kırgızlara Kasım ortasında katılırlar (metinden); arada geçen yaklaşık iki ayın ne kadarı yolda geçti bilinmiyor.","https://en.wikipedia.org/wiki/Tekes_County"
"35","Kuçar","Kuça (Kuqa), Sincan","41.72","82.96","Şehir / yerleşim","Kesin","Ana grup (Adil Hikmet)","Doğu Türkistan'dan çıkış","1917 başı","1333 başı","","Dağlara çekildikten sonra gelinir. Ruslar onları Çinlilerden ister. Afgan kökenli İngiliz konsolosunun evinde bir süre saklanırlar.","34","245","2–4 hafta","tahmin","Tanrı Dağları kışın aşılır; Kuçar'a 1917 başında varılır (metinden).","https://tr.wikipedia.org/wiki/Ku%C3%A7ar_%C4%B0l%C3%A7esi"
"36","Taklamakan çölü","Taklamakan (Kuça–Hoten hattı)","39.4","81.7","Bölge","Yaklaşık","Ana grup (Adil Hikmet)","Doğu Türkistan'dan çıkış","1917","1333","","İzlerini kaybettirmek için çöl aşılır. Muhtemelen Hoten deryası yatağı boyunca; metin güzergâh vermez.","35","279","7–10 gün","tahmin","Kuça'dan Hoten deryası yatağı boyunca çöl yolu; kervanlar Kuça–Hoten arasını 15–20 günde alırdı.","https://tr.wikipedia.org/wiki/Taklamakan_%C3%87%C3%B6l%C3%BC"
"37","Hoten","Hoten (Hotan), Sincan","37.11","79.93","Şehir / yerleşim","Kesin","Ana grup (Adil Hikmet)","Doğu Türkistan'dan çıkış","1917","1333","","Çin hükümeti onlardan şüphelenir. Pekin'deki Alman elçisinin girişimleri sürer; ancak Çin Mart 1917'de Almanya ile ilişkisini kesmiştir.","36","298","7–10 gün","tahmin","Çölün güney yarısı, Hoten'e varış.","https://en.wikipedia.org/wiki/Hotan"
"38","Urumçi","Urumçi, Sincan","43.83","87.62","Şehir / yerleşim","Kesin","Ana grup (Adil Hikmet)","Doğu Türkistan'dan çıkış","1917–1918","1333–1334","","Şanghay'a gitme teklifini kabul ederler; bir süre burada kalırlar. Hoten'den buraya güzergâh metinde yok.","37","990","5–8 hafta","tahmin","Güzergâh metinde yok. Aksu ve Turfan üzerinden kervan yolu 1.500 km'yi aşar.","https://tr.wikipedia.org/wiki/Urum%C3%A7i"
"39","Barköl","Barköl, Sincan","43.6","93.02","Şehir / yerleşim","Kesin","Ana grup (Adil Hikmet)","Doğu Türkistan'dan çıkış","1918","1334","","Bir müddet kalınır. Doğu Türkistan'daki son durak.","38","435","2–3 hafta","tahmin","Urumçi'den Tanrı Dağları'nın kuzey eteğiyle Barköl'e kervan yolu.","https://en.wikipedia.org/wiki/Barkol_Kazakh_Autonomous_County"
"40","Şanghay","Şanghay, Çin","31.23","121.47","Liman","Kesin","Ana grup (Adil Hikmet)","Doğu Türkistan'dan çıkış","29 Haz 1918 – Nis 1920","","","Varışta yine İngiliz takibi. Almanya'nın yenilgisinden sonra Türk-Alman çıkarlarını izleyen Hollanda elçiliğinin yardımıyla rahat yaşarlar, Japonlarla sıkı ilişki kurarlar. Barköl'den buraya güzergâh metinde yok.","39","2844","2–3 ay","tahmin","Güzergâh metinde yok. Hami ve Gansu üzerinden kervanla demiryolu başına, sonra trenle; Şanghay'a 29 Haziran 1918'de varılır (metinden).","https://tr.wikipedia.org/wiki/%C5%9Eanghay"
"41","Hamburg","Hamburg, Almanya","53.55","9.99","Liman","Kesin","Ana grup (Adil Hikmet)","Dönüş","1 Nis 1920","1 Nisan 1336 (Şanghay'dan çıkış)","Metinde 14 Nis 1920 yazıyor; 1917 sonrası Rumi tarihe gün eklenmez.","Adil Hikmet, Hüseyin Bey ve Tortumlu İsmail Abbas Japon vapuru İskotland Maru (Scotland Maru) ile gelir. Ara limanlar metinde yok.","40","8522","6–7 hafta","tahmin","1 Nisan 1920'de Şanghay'dan Japon vapuruyla çıkılır (metinden). Hint Okyanusu ve Süveyş üzerinden deniz yolu kuş uçuşunun iki katından uzundur.","https://tr.wikipedia.org/wiki/Hamburg"
"42","İstanbul","İstanbul","41.01","28.98","Liman","Kesin","Ana grup (Adil Hikmet)","Dönüş","10 Mar 1921","10 Mart 1337","Metinde 23 Mar 1921 yazıyor.","Reşitpaşa vapuruyla dönecekken İngilizlerin onu yakalayacağını öğrenen Almanlar tarafından kaçırılır; İstanbul'a ancak bu tarihte dönebilir. Hamburg'dan güzergâh metinde yok.","41","1987","1–2 hafta (yol)","metinden","Hamburg'a 1920 baharında varılır, İstanbul'a dönüş 10 Mart 1921 (metinden): arada yaklaşık 10 ay geçer. Yolun kendisi metinde yok; trenle 1–2 hafta.","https://tr.wikipedia.org/wiki/%C4%B0stanbul"
"43","Pekin","Pekin, Çin","39.9","116.4","Şehir / yerleşim","Kesin","Emrullah Bey","Kaçış ve Kırgız isyanı","Sonbahar 1916","1332 sonbaharı","","Emrullah Bey Kulca'dan, Alman elçisiyle görüşüp yardım sağlamak için gönderilir. Güzergâh metinde yok.","33","2915","2–3 ay","tahmin","Güzergâh metinde yok. Kulca'dan Pekin'e kervan ve tren yolu; Emrullah Bey 1916 sonbaharında gönderilir (metinden).","https://tr.wikipedia.org/wiki/Pekin"
"44","Afganistan","Afganistan (Kâbil işaretlendi)","34.53","69.17","Bölge","Yaklaşık","Emrullah Bey","Dönüş","1918–1919","1334–1335","","Emrullah Bey'in dönüş yolu. Pekin'den Afganistan'a nasıl geçtiği metinde yok.","43","4176","bilinmiyor","bilinmiyor","Pekin'den Afganistan'a nasıl ve ne zaman geçtiği metinde yok. 1916 sonbaharı ile 1918–1919 arası.","https://tr.wikipedia.org/wiki/K%C3%A2bil"
"45","Türkistan","Batı Türkistan (Buhara işaretlendi)","39.77","64.42","Bölge","Belirsiz","Emrullah Bey","Dönüş","1919","1335","","Metin yalnızca 'Türkistan' der; nokta temsilîdir.","44","719","bilinmiyor","bilinmiyor","Metin yalnızca 'Türkistan' der; yol ve süre yok.","https://tr.wikipedia.org/wiki/Buhara"
"46","Batum","Batum, Gürcistan","41.64","41.64","Liman","Kesin","Emrullah Bey","Dönüş","1919","1335","","Karadeniz'e çıkış.","45","1926","1–2 hafta","tahmin","Buhara'dan Krasnovodsk'a trenle, Hazar'ı vapurla, Bakü'den Batum'a trenle. Emrullah Bey 19 Temmuz 1919'da İstanbul'dadır (metinden).","https://tr.wikipedia.org/wiki/Batum"
"47","Trabzon","Trabzon","41","39.72","Liman","Kesin","Emrullah Bey","Dönüş","1919","1335","","Son ara durak.","46","175","1 gün","tahmin","Batum'dan Trabzon'a kısa bir vapur yolu.","https://tr.wikipedia.org/wiki/Trabzon"
"48","İstanbul (Emrullah Bey)","İstanbul","41.01","28.98","Liman","Kesin","Emrullah Bey","Dönüş","19 Tem 1919","19 Temmuz 1335","","Emrullah Bey, gruptan önce İstanbul'a döner. 1917 sonrası olduğu için Rumi ve Miladi gün aynıdır.","47","901","2–3 gün","tahmin","Karadeniz kıyısı boyunca vapurla. İstanbul'a varış 19 Temmuz 1919 (metinden).","https://tr.wikipedia.org/wiki/%C4%B0stanbul"
"49","Mançurya","Mançurya (Harbin işaretlendi)","45.75","126.65","Bölge","Yaklaşık","Selim Sami ve İbrahim Bey","Dönüş","31 Mar 1920","31 Mart 1336","Metinde 13 Nis 1920 yazıyor.","Selim Sami ve İbrahim Bey, Japonların yardımıyla Şanghay'dan Mançurya yoluyla Rusya'ya geçer. Sonrası metinde yok. Saparaliyev'e göre Selim Sami 1927'de öldü.","40","1675","1 hafta","tahmin","Şanghay'dan 31 Mart 1920'de ayrılırlar (metinden). Vapur ve Güney Mançurya demiryoluyla Harbin'e yaklaşık bir hafta.","https://tr.wikipedia.org/wiki/Harbin"
